USE MusicStreamingDatabaseSystem;

INSERT INTO USER (user_id, username, email, password, country, account_creation_date) VALUES
(1, 'SonicBoom', 'user1@gmail.com', 'pass01', 'USA', '2023-01-05 08:00:00'),
(2, 'MelodyMaker', 'user2@yahoo.com', 'pass02', 'UK', '2023-01-10 09:15:00'),
(3, 'BassDrop', 'user3@outlook.com', 'pass03', 'Canada', '2023-01-12 10:30:00'),
(4, 'VinylVibes', 'user4@gmail.com', 'pass04', 'Germany', '2023-01-15 11:45:00'),
(5, 'JazzCat', 'user5@test.com', 'pass05', 'France', '2023-01-20 14:00:00'),
(6, 'SynthWiz', 'user6@mail.com', 'pass06', 'Japan', '2023-02-01 16:20:00'),
(7, 'Lyricist', 'user7@gmail.com', 'pass07', 'Australia', '2023-02-05 12:00:00'),
(8, 'BeatMaster', 'user8@yahoo.com', 'pass08', 'Brazil', '2023-02-10 18:00:00'),
(9, 'RetroFan', 'user9@outlook.com', 'pass09', 'Italy', '2023-02-15 09:00:00'),
(10, 'EchoPulse', 'user10@gmail.com', 'pass10', 'Spain', '2023-02-20 20:00:00'),
(11, 'DriftKing', 'u11@mail.com', 'p11', 'Norway', '2023-03-01 10:00:00'),
(12, 'WaveRider', 'u12@mail.com', 'p12', 'Sweden', '2023-03-02 11:00:00'),
(13, 'NeonNight', 'u13@mail.com', 'p13', 'USA', '2023-03-03 12:00:00'),
(14, 'ChillGuy', 'u14@mail.com', 'p14', 'USA', '2023-03-04 13:00:00'),
(15, 'RockStar', 'u15@mail.com', 'p15', 'UK', '2023-03-05 14:00:00'),
(16, 'PopPrincess', 'u16@mail.com', 'p16', 'UK', '2023-03-06 15:00:00'),
(17, 'IndieSoul', 'u17@mail.com', 'p17', 'Canada', '2023-03-07 16:00:00'),
(18, 'MetalHead', 'u18@mail.com', 'p18', 'Germany', '2023-03-08 17:00:00'),
(19, 'DiscoDiva', 'u19@mail.com', 'p19', 'France', '2023-03-09 18:00:00'),
(20, 'BluesMan', 'u20@mail.com', 'p20', 'USA', '2023-03-10 19:00:00'),
(21, 'User21', 'u21@mail.com', 'p21', 'Mexico', '2023-04-01 08:00:00'),
(22, 'User22', 'u22@mail.com', 'p22', 'Mexico', '2023-04-02 09:00:00'),
(23, 'User23', 'u23@mail.com', 'p23', 'India', '2023-04-03 10:00:00'),
(24, 'User24', 'u24@mail.com', 'p24', 'India', '2023-04-04 11:00:00'),
(25, 'User25', 'u25@mail.com', 'p25', 'China', '2023-04-05 12:00:00'),
(26, 'User26', 'u26@mail.com', 'p26', 'China', '2023-04-06 13:00:00'),
(27, 'User27', 'u27@mail.com', 'p27', 'Japan', '2023-04-07 14:00:00'),
(28, 'User28', 'u28@mail.com', 'p28', 'S. Korea', '2023-04-08 15:00:00'),
(29, 'User29', 'u29@mail.com', 'p29', 'S. Korea', '2023-04-09 16:00:00'),
(30, 'User30', 'u30@mail.com', 'p30', 'Brazil', '2023-04-10 17:00:00'),
(31, 'User31', 'u31@mail.com', 'p31', 'Argentina', '2023-05-01 08:00:00'),
(32, 'User32', 'u32@mail.com', 'p32', 'Chile', '2023-05-02 09:00:00'),
(33, 'User33', 'u33@mail.com', 'p33', 'Peru', '2023-05-03 10:00:00'),
(34, 'User34', 'u34@mail.com', 'p34', 'Egypt', '2023-05-04 11:00:00'),
(35, 'User35', 'u35@mail.com', 'p35', 'S. Africa', '2023-05-05 12:00:00'),
(36, 'User36', 'u36@mail.com', 'p36', 'Nigeria', '2023-05-06 13:00:00'),
(37, 'User37', 'u37@mail.com', 'p37', 'Kenya', '2023-05-07 14:00:00'),
(38, 'User38', 'u38@mail.com', 'p38', 'Turkey', '2023-05-08 15:00:00'),
(39, 'User39', 'u39@mail.com', 'p39', 'Greece', '2023-05-09 16:00:00'),
(40, 'User40', 'u40@mail.com', 'p40', 'Poland', '2023-05-10 17:00:00');

INSERT INTO ARTIST (artist_id, name, genre, country) VALUES
(101, 'The Neon Lights', 'Synthwave', 'USA'),
(102, 'Midnight Blue', 'Jazz', 'France'),
(103, 'Steel Core', 'Heavy Metal', 'Germany'),
(104, 'Starlight Duo', 'Pop', 'UK'),
(105, 'Desert Echo', 'Indie Rock', 'Australia'),
(106, 'Cyber Punkers', 'Techno', 'Japan'),
(107, 'Smooth Sax', 'Jazz', 'USA'),
(108, 'Folk Friends', 'Folk', 'Canada'),
(109, 'Bass Junkies', 'EDM', 'Netherlands'),
(110, 'Classical King', 'Classical', 'Austria'),
(111, 'Reggae Roots', 'Reggae', 'Jamaica'),
(112, 'Soul Sister', 'Soul', 'USA'),
(113, 'Country Roads', 'Country', 'USA'),
(114, 'Punk Panic', 'Punk', 'UK'),
(115, 'Latino Heat', 'Salsa', 'Colombia'),
(116, 'K-Pop Star', 'Pop', 'South Korea'),
(117, 'Gospel Grace', 'Gospel', 'Nigeria'),
(118, 'LoFi Chill', 'Lo-Fi', 'Iceland'),
(119, 'Hardcore Hero', 'Rock', 'USA'),
(120, 'Disco Dreams', 'Disco', 'Italy'),
(121, 'Artist 121', 'Rock', 'Norway'),
(122, 'Artist 122', 'Blues', 'USA'),
(123, 'Artist 123', 'Pop', 'Canada'),
(124, 'Artist 124', 'Jazz', 'Spain'),
(125, 'Artist 125', 'Folk', 'Ireland'),
(126, 'Artist 126', 'Metal', 'Sweden'),
(127, 'Artist 127', 'Electronic', 'Germany'),
(128, 'Artist 128', 'House', 'UK'),
(129, 'Artist 129', 'Trap', 'USA'),
(130, 'Artist 130', 'Hip Hop', 'USA'),
(131, 'Artist 131', 'Opera', 'Italy'),
(132, 'Artist 132', 'Latin', 'Mexico'),
(133, 'Artist 133', 'Acoustic', 'UK'),
(134, 'Artist 134', 'Alternative', 'USA'),
(135, 'Artist 135', 'Ska', 'UK'),
(136, 'Artist 136', 'Funk', 'USA'),
(137, 'Artist 137', 'Bluegrass', 'USA'),
(138, 'Artist 138', 'Ambient', 'France'),
(139, 'Artist 139', 'Grunge', 'USA'),
(140, 'Artist 140', 'Industrial', 'Germany');

INSERT INTO ALBUM (album_id, title, release_date, num_tracks, ARTIST_artist_id) VALUES
(201, 'Retro Future', '2022-05-10', 10, 101),
(202, 'Paris at Night', '2021-11-15', 8, 102),
(203, 'Iron Will', '2023-01-20', 12, 103),
(204, 'Supernova', '2022-08-05', 10, 104),
(205, 'Dusty Trails', '2020-04-12', 9, 105),
(206, 'Binary Code', '2023-03-01', 14, 106),
(207, 'Sax in the City', '2022-02-14', 7, 107),
(208, 'Cabin Woods', '2021-06-30', 11, 108),
(209, 'Drop the Bass', '2023-05-15', 15, 109),
(210, 'Mozart Remix', '2020-12-25', 10, 110),
(211, 'Island Sun', '2022-07-04', 12, 111),
(212, 'Deep Soul', '2021-09-10', 9, 112),
(213, 'Open Road', '2023-02-22', 10, 113),
(214, 'No Rules', '2022-01-15', 13, 114),
(215, 'Fiesta Time', '2023-04-10', 11, 115),
(216, 'Neon Heart', '2023-06-01', 8, 116),
(217, 'Praise Him', '2021-05-05', 12, 117),
(218, 'Coffee Shop', '2022-10-10', 20, 118),
(219, 'Loud and Proud', '2020-01-01', 10, 119),
(220, 'Saturday Night', '2022-12-31', 12, 120),
(221, 'Album 221', '2023-01-01', 10, 121),
(222, 'Album 222', '2023-01-02', 10, 122),
(223, 'Album 223', '2023-01-03', 10, 123),
(224, 'Album 224', '2023-01-04', 10, 124),
(225, 'Album 225', '2023-01-05', 10, 125),
(226, 'Album 226', '2023-01-06', 10, 126),
(227, 'Album 227', '2023-01-07', 10, 127),
(228, 'Album 228', '2023-01-08', 10, 128),
(229, 'Album 229', '2023-01-09', 10, 129),
(230, 'Album 230', '2023-01-10', 10, 130),
(231, 'Album 231', '2023-02-01', 10, 131),
(232, 'Album 232', '2023-02-02', 10, 132),
(233, 'Album 233', '2023-02-03', 10, 133),
(234, 'Album 234', '2023-02-04', 10, 134),
(235, 'Album 235', '2023-02-05', 10, 135),
(236, 'Album 236', '2023-02-06', 10, 136),
(237, 'Album 237', '2023-02-07', 10, 137),
(238, 'Album 238', '2023-02-08', 10, 138),
(239, 'Album 239', '2023-02-09', 10, 139),
(240, 'Album 240', '2023-02-10', 10, 140);

INSERT INTO SONG (song_id, title, duration, release_date, ALBUM_album_id) VALUES
(301, 'Synth City', 210, '2022-05-10', 201),
(302, 'Dark Drive', 185, '2022-05-10', 201),
(303, 'Moonlight', 320, '2021-11-15', 202),
(304, 'The Forge', 245, '2023-01-20', 203),
(305, 'Shine', 190, '2022-08-05', 204),
(306, 'Outback', 270, '2020-04-12', 205),
(307, 'System Error', 150, '2023-03-01', 206),
(308, 'Late Night', 300, '2022-02-14', 207),
(309, 'Pine Trees', 225, '2021-06-30', 208),
(310, 'Sub Bass', 280, '2023-05-15', 209),
(311, 'Symphony 1', 600, '2020-12-25', 210),
(312, 'Wave', 215, '2022-07-04', 211),
(313, 'Deep Heart', 240, '2021-09-10', 212),
(314, 'Country Sky', 195, '2023-02-22', 213),
(315, 'Riot', 160, '2022-01-15', 214),
(316, 'Dance', 220, '2023-04-10', 215),
(317, 'Pop Star', 180, '2023-06-01', 216),
(318, 'Amen', 300, '2021-05-05', 217),
(319, 'Rainy Day', 140, '2022-10-10', 218),
(320, 'Power', 210, '2020-01-01', 219),
(321, 'Song 321', 200, '2023-01-01', 221),
(322, 'Song 322', 210, '2023-01-02', 222),
(323, 'Song 323', 220, '2023-01-03', 223),
(324, 'Song 324', 230, '2023-01-04', 224),
(325, 'Song 325', 240, '2023-01-05', 225),
(326, 'Song 326', 250, '2023-01-06', 226),
(327, 'Song 327', 260, '2023-01-07', 227),
(328, 'Song 328', 270, '2023-01-08', 228),
(329, 'Song 329', 280, '2023-01-09', 229),
(330, 'Song 330', 290, '2023-01-10', 230),
(331, 'Song 331', 300, '2023-02-01', 231),
(332, 'Song 332', 310, '2023-02-02', 232),
(333, 'Song 333', 320, '2023-02-03', 233),
(334, 'Song 334', 330, '2023-02-04', 234),
(335, 'Song 335', 340, '2023-02-05', 235),
(336, 'Song 336', 350, '2023-02-06', 236),
(337, 'Song 337', 360, '2023-02-07', 237),
(338, 'Song 338', 370, '2023-02-08', 238),
(339, 'Song 339', 380, '2023-02-09', 239),
(340, 'Song 340', 390, '2023-02-10', 240),

(341, 'Fresh Signal', 200, '2025-08-01', 201),
(342, 'New Wave', 215, '2025-11-15', 202),
(343, 'Latest Hit', 190, '2026-01-10', 204);

INSERT INTO FOLLOW (follow_date, user_id, artist_id) VALUES
('2023-06-01 10:00:00', 1, 101), ('2023-06-02 11:00:00', 2, 102),
('2023-06-03 12:00:00', 3, 103), ('2023-06-04 13:00:00', 4, 104),
('2023-06-05 14:00:00', 5, 105), ('2023-06-06 15:00:00', 6, 106),
('2023-06-07 16:00:00', 7, 107), ('2023-06-08 17:00:00', 8, 108),
('2023-06-09 18:00:00', 9, 109), ('2023-06-10 19:00:00', 10, 110),
('2023-06-11 10:00:00', 11, 111), ('2023-06-12 11:00:00', 12, 112),
('2023-06-13 12:00:00', 13, 113), ('2023-06-14 13:00:00', 14, 114),
('2023-06-15 14:00:00', 15, 115), ('2023-06-16 15:00:00', 16, 116),
('2023-06-17 16:00:00', 17, 117), ('2023-06-18 17:00:00', 18, 118),
('2023-06-19 18:00:00', 19, 119), ('2023-06-20 19:00:00', 20, 120),
('2023-07-01 08:00:00', 21, 121), ('2023-07-02 09:00:00', 22, 122),
('2023-07-03 10:00:00', 23, 123), ('2023-07-04 11:00:00', 24, 124),
('2023-07-05 12:00:00', 25, 125), ('2023-07-06 13:00:00', 26, 126),
('2023-07-07 14:00:00', 27, 127), ('2023-07-08 15:00:00', 28, 128),
('2023-07-09 16:00:00', 29, 129), ('2023-07-10 17:00:00', 30, 130),
('2023-08-01 08:00:00', 31, 131), ('2023-08-02 09:00:00', 32, 132),
('2023-08-03 10:00:00', 33, 133), ('2023-08-04 11:00:00', 34, 134),
('2023-08-05 12:00:00', 35, 135), ('2023-08-06 13:00:00', 36, 136),
('2023-08-07 14:00:00', 37, 137), ('2023-08-08 15:00:00', 38, 138),
('2023-08-09 16:00:00', 39, 139), ('2023-08-10 17:00:00', 40, 140);

INSERT INTO PLAYLIST (playlist_id, name, description, creation_date, visibility, USER_user_id) VALUES
(401, 'Road Trip', 'Driving vibes', '2023-05-01 10:00:00', 'Public', 1),
(402, 'Study Focus', 'Deep focus', '2023-05-02 11:00:00', 'Private', 2),
(403, 'Gym Mix', 'Workout energy', '2023-05-03 12:00:00', 'Public', 3),
-- ... continuing for brevity, 404 to 440
(404, 'Playlist 404', 'Desc', '2023-05-04 13:00:00', 'Public', 4),
(405, 'Playlist 405', 'Desc', '2023-05-05 14:00:00', 'Public', 5),
(406, 'Playlist 406', 'Desc', '2023-05-06 15:00:00', 'Public', 6),
(407, 'Playlist 407', 'Desc', '2023-05-07 16:00:00', 'Public', 7),
(408, 'Playlist 408', 'Desc', '2023-05-08 17:00:00', 'Public', 8),
(409, 'Playlist 409', 'Desc', '2023-05-09 18:00:00', 'Public', 9),
(410, 'Playlist 410', 'Desc', '2023-05-10 19:00:00', 'Public', 10),
(411, 'Playlist 411', 'Desc', '2023-05-11 10:00:00', 'Public', 11),
(412, 'Playlist 412', 'Desc', '2023-05-12 11:00:00', 'Public', 12),
(413, 'Playlist 413', 'Desc', '2023-05-13 12:00:00', 'Public', 13),
(414, 'Playlist 414', 'Desc', '2023-05-14 13:00:00', 'Public', 14),
(415, 'Playlist 415', 'Desc', '2023-05-15 14:00:00', 'Public', 15),
(416, 'Playlist 416', 'Desc', '2023-05-16 15:00:00', 'Public', 16),
(417, 'Playlist 417', 'Desc', '2023-05-17 16:00:00', 'Public', 17),
(418, 'Playlist 418', 'Desc', '2023-05-18 17:00:00', 'Public', 18),
(419, 'Playlist 419', 'Desc', '2023-05-19 18:00:00', 'Public', 19),
(420, 'Playlist 420', 'Desc', '2023-05-20 19:00:00', 'Public', 20),
(421, 'Playlist 421', 'Desc', '2023-05-21 08:00:00', 'Public', 21),
(422, 'Playlist 422', 'Desc', '2023-05-22 09:00:00', 'Public', 22),
(423, 'Playlist 423', 'Desc', '2023-05-23 10:00:00', 'Public', 23),
(424, 'Playlist 424', 'Desc', '2023-05-24 11:00:00', 'Public', 24),
(425, 'Playlist 425', 'Desc', '2023-05-25 12:00:00', 'Public', 25),
(426, 'Playlist 426', 'Desc', '2023-05-26 13:00:00', 'Public', 26),
(427, 'Playlist 427', 'Desc', '2023-05-27 14:00:00', 'Public', 27),
(428, 'Playlist 428', 'Desc', '2023-05-28 15:00:00', 'Public', 28),
(429, 'Playlist 429', 'Desc', '2023-05-29 16:00:00', 'Public', 29),
(430, 'Playlist 430', 'Desc', '2023-05-30 17:00:00', 'Public', 30),
(431, 'Playlist 431', 'Desc', '2023-05-31 08:00:00', 'Public', 31),
(432, 'Playlist 432', 'Desc', '2023-06-01 09:00:00', 'Public', 32),
(433, 'Playlist 433', 'Desc', '2023-06-02 10:00:00', 'Public', 33),
(434, 'Playlist 434', 'Desc', '2023-06-03 11:00:00', 'Public', 34),
(435, 'Playlist 435', 'Desc', '2023-06-04 12:00:00', 'Public', 35),
(436, 'Playlist 436', 'Desc', '2023-06-05 13:00:00', 'Public', 36),
(437, 'Playlist 437', 'Desc', '2023-06-06 14:00:00', 'Public', 37),
(438, 'Playlist 438', 'Desc', '2023-06-07 15:00:00', 'Public', 38),
(439, 'Playlist 439', 'Desc', '2023-06-08 16:00:00', 'Public', 39),
(440, 'Playlist 440', 'Desc', '2023-06-09 17:00:00', 'Public', 40),
-- more playlists to test query3
(441, 'Playlist 441', 'Desc', '2023-06-10 18:00:00', 'Public', 1),
(442, 'Playlist 442', 'Desc', '2023-06-11 19:00:00', 'Public', 2),
(443, 'Playlist 443', 'Desc', '2023-06-12 20:00:00', 'Public', 3),
(444, 'Playlist 444', 'Desc', '2023-06-13 21:00:00', 'Public', 4),
(445, 'Playlist 445', 'Desc', '2023-06-14 22:00:00', 'Public', 5);

INSERT INTO PLAYLIST_SONG (playlist_id, song_id, date_added, position) VALUES
(401, 301, '2023-06-01 10:05:00', 1), (401, 302, '2023-06-01 10:06:00', 2),
(402, 303, '2023-06-02 11:10:00', 1), (403, 304, '2023-06-03 12:05:00', 1),
(404, 305, '2023-06-04 13:05:00', 1), (405, 306, '2023-06-05 14:05:00', 1),
(406, 307, '2023-06-06 15:05:00', 1), (407, 308, '2023-06-07 16:05:00', 1),
(408, 309, '2023-06-08 17:05:00', 1), (409, 310, '2023-06-09 18:05:00', 1),
(410, 311, '2023-06-10 19:05:00', 1), (411, 312, '2023-06-11 10:05:00', 1),
(412, 313, '2023-06-12 11:05:00', 1), (413, 314, '2023-06-13 12:05:00', 1),
(414, 315, '2023-06-14 13:05:00', 1), (415, 316, '2023-06-15 14:05:00', 1),
(416, 317, '2023-06-16 15:05:00', 1), (417, 318, '2023-06-17 16:05:00', 1),
(418, 319, '2023-06-18 17:05:00', 1), (419, 320, '2023-06-19 18:05:00', 1),
(420, 321, '2023-06-20 19:05:00', 1), (421, 322, '2023-06-21 08:05:00', 1),
(422, 323, '2023-06-22 09:05:00', 1), (423, 324, '2023-06-23 10:05:00', 1),
(424, 325, '2023-06-24 11:05:00', 1), (425, 326, '2023-06-25 12:05:00', 1),
(426, 327, '2023-06-26 13:05:00', 1), (427, 328, '2023-06-27 14:05:00', 1),
(428, 329, '2023-06-28 15:05:00', 1), (429, 330, '2023-06-29 16:05:00', 1),
(430, 331, '2023-06-30 17:05:00', 1), (431, 332, '2023-07-01 08:05:00', 1),
(432, 333, '2023-07-02 09:05:00', 1), (433, 334, '2023-07-03 10:05:00', 1),
(434, 335, '2023-07-04 11:05:00', 1), (435, 336, '2023-07-05 12:05:00', 1),
(436, 337, '2023-07-06 13:05:00', 1), (437, 338, '2023-07-07 14:05:00', 1),
(438, 339, '2023-07-08 15:05:00', 1), (439, 340, '2023-07-09 16:05:00', 1),
-- more entries to test query2
(441, 342, '2025-06-01 20:05:00', 1),
(442, 343, '2025-07-15 14:05:00', 1);

INSERT INTO FOLLOW (follow_date, user_id, artist_id) VALUES
('2025-01-01 10:00:00', 1, 104),
('2025-01-02 10:00:00', 2, 102),
('2025-01-03 10:00:00', 5, 101),
('2025-01-04 10:00:00', 6, 101),
('2025-01-05 10:00:00', 7, 101);
